{"stats":{"minecraft:mined":{"minecraft:oak_sapling":8,"minecraft:farmland":3,"minecraft:cherry_log":36,"minecraft:cobblestone_stairs":6,"minecraft:spruce_trapdoor":19,"minecraft:acacia_log":45,"minecraft:grass_block":71,"minecraft:jungle_log":92,"minecraft:composter":2,"comforts:sleeping_bag_white":1,"minecraft:iron_ore":15,"minecraft:barrel":2,"minecraft:cobbled_deepslate":29,"minecraft:oak_stairs":20,"minecraft:spruce_slab":3,"minecraft:blue_wall_banner":1,"minecraft:red_bed":1,"minecraft:torch":20,"minecraft:calcite":3,"minecraft:melon":12,"minecraft:cobblestone":5,"minecraft:grindstone":1,"minecraft:sugar_cane":1,"minecraft:oak_planks":20,"minecraft:damaged_anvil":1,"minecraft:wall_torch":17,"minecraft:pink_petals":52,"minecraft:wheat":112,"minecraft:lilac":2,"minecraft:stone_brick_stairs":2,"minecraft:grass":64,"minecraft:oak_log":72,"minecraft:lime_terracotta":4,"minecraft:loom":1,"minecraft:sand":143,"minecraft:dirt":206,"minecraft:oak_leaves":1,"minecraft:tuff":4,"connectedglass:borderless_glass_pane":1,"minecraft:cherry_sapling":18,"minecraft:ladder":4,"minecraft:spruce_fence":4,"minecraft:decorated_pot":1,"minecraft:jungle_planks":3,"minecraft:hay_block":49,"minecraft:oak_trapdoor":6,"minecraft:spruce_sapling":1,"minecraft:furnace":2,"minecraft:andesite":2,"minecraft:green_terracotta":1,"minecraft:vine":12,"minecraft:lantern":48,"minecraft:stripped_oak_log":8,"minecraft:white_tulip":2,"minecraft:stone":70,"minecraft:cherry_stairs":13,"minecraft:oak_slab":47,"minecraft:scaffolding":16,"minecraft:glass_pane":3,"minecraft:cherry_planks":8,"minecraft:potted_lily_of_the_valley":2,"minecraft:dandelion":1,"minecraft:spruce_door":1,"minecraft:oak_fence":4,"minecraft:crafting_table":4,"minecraft:tall_grass":3,"minecraft:stone_slab":1,"minecraft:lily_pad":3,"minecraft:spruce_stairs":20,"minecraft:cobblestone_wall":3,"minecraft:stripped_spruce_wood":1,"minecraft:gray_bed":7,"minecraft:spruce_log":50,"minecraft:coal_ore":62,"minecraft:cherry_leaves":10,"minecraft:flower_pot":3,"minecraft:gravel":18,"minecraft:acacia_planks":3,"minecraft:potted_white_tulip":1,"minecraft:stone_bricks":2,"minecraft:fern":11},"minecraft:killed_by":{"minecraft:wither_skeleton":1,"minecraft:zombie":3,"minecraft:illusioner":1,"minecraft:player":3,"minecraft:skeleton":1},"minecraft:dropped":{"minecraft:orange_tulip":1,"minecraft:leather":1,"minecraft:white_tulip":1,"minecraft:stone_axe":1,"minecraft:cooked_chicken":3,"minecraft:birch_sapling":1,"minecraft:rotten_flesh":10,"justhammers:iron_hammer":2,"minecraft:azalea":2,"comforts:sleeping_bag_white":7,"minecraft:bread":20,"minecraft:wheat_seeds":5,"minecraft:apple":1,"minecraft:milk_bucket":1,"minecraft:melon_slice":26,"minecraft:pink_petals":6,"minecraft:acacia_planks":38,"minecraft:dandelion":1,"minecraft:cocoa_beans":9,"minecraft:stone_shovel":1,"minecraft:andesite":2,"minecraft:bow":1,"minecraft:stone_pickaxe":1},"minecraft:killed":{"minecraft:skeleton":10,"minecraft:zombie_villager":1,"minecraft:creeper":1,"minecraft:zombie":15,"naturalist:bass":8,"naturalist:catfish":1},"minecraft:crafted":{"minecraft:oak_planks":148,"minecraft:cooked_chicken":1,"minecraft:cobblestone_stairs":5,"minecraft:stone":73,"connectedglass:borderless_glass":8,"minecraft:glass":15,"minecraft:stone_brick_slab":32,"minecraft:iron_boots":2,"minecraft:chest":8,"minecraft:chiseled_stone_bricks":6,"minecraft:stone_bricks":48,"minecraft:cooked_porkchop":10,"minecraft:crafting_table":3,"minecraft:spruce_planks":112,"minecraft:wooden_pickaxe":1,"minecraft:iron_helmet":2,"minecraft:campfire":12,"comforts:sleeping_bag_black":1,"minecraft:stone_brick_stairs":5,"minecraft:iron_chestplate":2,"minecraft:charcoal":8,"minecraft:stick":84,"minecraft:iron_ingot":70,"minecraft:iron_pickaxe":2,"minecraft:gold_ingot":16,"naturalist:cooked_egg":2,"minecraft:shears":1,"minecraft:cherry_planks":88,"minecraft:cobbled_deepslate_slab":12,"minecraft:stone_shovel":1,"minecraft:stone_brick_wall":6,"minecraft:iron_nugget":36,"comforts:sleeping_bag_white":3,"minecraft:furnace":5,"minecraft:bone_meal":12,"minecraft:spruce_fence":6,"minecraft:glass_pane":16,"minecraft:lantern":4,"minecraft:spruce_stairs":56,"minecraft:polished_deepslate":12,"minecraft:iron_axe":3,"minecraft:spruce_slab":18,"minecraft:cherry_stairs":52,"minecraft:stone_pickaxe":1,"minecraft:cobblestone_wall":6,"minecraft:spruce_boat":1,"minecraft:wheat":360,"minecraft:bucket":1,"connectedglass:borderless_glass_pane":16,"minecraft:stone_axe":3,"minecraft:bread":130,"minecraft:acacia_boat":1,"minecraft:air":0,"justhammers:iron_hammer":2,"minecraft:oak_stairs":96,"minecraft:iron_shovel":2,"minecraft:iron_leggings":2,"minecraft:stonecutter":1,"minecraft:acacia_planks":52,"minecraft:torch":64},"minecraft:used":{"minecraft:cherry_sapling":384,"minecraft:iron_shovel":250,"minecraft:polished_deepslate":15,"minecraft:spruce_slab":20,"minecraft:chest":8,"minecraft:stone":21,"minecraft:carrot":1,"minecraft:tuff":4,"minecraft:spruce_boat":2,"minecraft:lantern":16,"minecraft:grass_block":10,"minecraft:stone_brick_stairs":3,"minecraft:stone_bricks":18,"connectedglass:borderless_glass_pane":16,"minecraft:bow":15,"minecraft:hay_block":2,"minecraft:scaffolding":56,"minecraft:furnace":3,"minecraft:gray_bed":7,"minecraft:egg":2,"minecraft:potato":7,"minecraft:stripped_spruce_wood":1,"minecraft:damaged_anvil":1,"minecraft:spruce_door":1,"naturalist:cooked_egg":2,"minecraft:stone_pickaxe":86,"minecraft:oak_planks":54,"minecraft:wooden_pickaxe":25,"minecraft:glow_berries":1,"minecraft:shears":8,"minecraft:bread":67,"minecraft:melon_slice":24,"minecraft:lilac":2,"minecraft:grindstone":1,"minecraft:bone_meal":241,"minecraft:azalea":8,"minecraft:oak_trapdoor":6,"minecraft:white_tulip":1,"minecraft:armor_stand":2,"minecraft:stone_shovel":170,"minecraft:torch":110,"minecraft:dirt":296,"minecraft:spruce_stairs":71,"minecraft:cobblestone_wall":10,"minecraft:spruce_fence":9,"minecraft:wooden_axe":59,"minecraft:iron_axe":486,"minecraft:oak_stairs":87,"minecraft:iron_boots":1,"minecraft:barrel":2,"minecraft:bamboo":35,"comforts:sleeping_bag_white":4,"minecraft:cobbled_deepslate":32,"minecraft:acacia_planks":3,"minecraft:iron_leggings":1,"minecraft:calcite":2,"minecraft:wheat_seeds":104,"minecraft:acacia_boat":7,"minecraft:water_bucket":9,"minecraft:cobblestone_stairs":51,"comforts:sleeping_bag_black":4,"minecraft:stonecutter":1,"minecraft:leather_boots":1,"minecraft:lime_terracotta":2,"minecraft:crafting_table":7,"minecraft:red_bed":1,"minecraft:campfire":10,"minecraft:spruce_log":19,"justhammers:iron_hammer":118,"minecraft:oak_log":39,"minecraft:flower_pot":3,"minecraft:apple":3,"minecraft:iron_pickaxe":149,"minecraft:stone_slab":2,"minecraft:spruce_trapdoor":17,"minecraft:spruce_sapling":18,"minecraft:stone_axe":334,"minecraft:pink_petals":319,"minecraft:chiseled_stone_bricks":6,"minecraft:cobblestone":41,"minecraft:cherry_stairs":13,"minecraft:cooked_porkchop":6,"minecraft:bucket":10,"minecraft:glass_pane":3,"minecraft:stripped_oak_log":7},"minecraft:picked_up":{"minecraft:wooden_axe":1,"minecraft:wheat":111,"minecraft:flower_pot":6,"minecraft:stone_slab":8,"minecraft:oak_stairs":19,"minecraft:enchanted_book":1,"minecraft:stone_brick_stairs":2,"minecraft:polished_deepslate":3,"minecraft:string":2,"minecraft:raw_copper":20,"minecraft:armor_stand":2,"comforts:sleeping_bag_black":4,"minecraft:cobbled_deepslate":301,"comforts:sleeping_bag_white":8,"minecraft:spruce_planks":7,"minecraft:white_tulip":4,"minecraft:calcite":3,"minecraft:azalea":10,"minecraft:melon_slice":65,"minecraft:furnace":2,"minecraft:stick":32,"minecraft:composter":2,"minecraft:oak_fence":4,"minecraft:torch":54,"minecraft:acacia_log":38,"minecraft:spruce_stairs":20,"minecraft:cherry_log":41,"minecraft:green_terracotta":1,"minecraft:rotten_flesh":20,"minecraft:cobblestone":631,"minecraft:pink_petals":139,"minecraft:lilac":2,"minecraft:cherry_planks":131,"minecraft:cherry_leaves":8,"minecraft:andesite":151,"minecraft:jungle_log":91,"minecraft:potato":1,"minecraft:tuff":4,"minecraft:stripped_spruce_wood":1,"minecraft:acacia_boat":7,"minecraft:dirt":307,"minecraft:lantern":49,"minecraft:leather_boots":1,"minecraft:bone":9,"minecraft:acacia_planks":40,"minecraft:bow":3,"minecraft:orange_tulip":1,"minecraft:wheat_seeds":320,"minecraft:raw_gold":6,"minecraft:grindstone":1,"minecraft:bamboo":21,"minecraft:oak_planks":20,"minecraft:lime_terracotta":4,"justhammers:iron_hammer":2,"minecraft:jungle_planks":3,"minecraft:sand":173,"minecraft:loom":1,"minecraft:lily_of_the_valley":2,"minecraft:barrel":2,"minecraft:mossy_cobblestone":25,"minecraft:diamond":8,"minecraft:spruce_boat":2,"minecraft:golden_apple":1,"minecraft:bread":1,"minecraft:emerald":1,"minecraft:blue_banner":1,"minecraft:oak_sapling":16,"minecraft:cocoa_beans":9,"minecraft:crafting_table":3,"minecraft:chicken":1,"minecraft:ladder":4,"minecraft:oak_trapdoor":6,"minecraft:red_bed":1,"minecraft:jungle_sapling":2,"minecraft:spruce_slab":3,"naturalist:catfish":1,"minecraft:sugar_cane":13,"minecraft:birch_sapling":3,"minecraft:spruce_trapdoor":18,"minecraft:egg":10,"minecraft:raw_iron":40,"minecraft:cherry_stairs":13,"minecraft:spruce_fence":4,"minecraft:carrot":1,"minecraft:arrow":7,"minecraft:hay_block":48,"minecraft:glow_berries":1,"minecraft:white_wool":15,"minecraft:stripped_oak_log":8,"minecraft:oak_log":170,"minecraft:lily_pad":7,"minecraft:cobblestone_wall":4,"minecraft:cobblestone_stairs":6,"naturalist:bass":8,"minecraft:apple":3,"minecraft:stone_bricks":3,"minecraft:iron_ingot":12,"minecraft:stone_pickaxe":1,"minecraft:cooked_chicken":2,"minecraft:gray_bed":7,"minecraft:scaffolding":56,"minecraft:oak_slab":47,"minecraft:dandelion":2,"minecraft:gravel":18,"minecraft:spruce_sapling":19,"minecraft:spruce_log":49,"minecraft:spruce_door":1,"minecraft:stone_axe":1,"minecraft:cherry_sapling":47,"minecraft:damaged_anvil":1,"minecraft:coal":136},"minecraft:custom":{"minecraft:animals_bred":40,"minecraft:interact_with_crafting_table":122,"minecraft:open_barrel":17,"minecraft:leave_game":15,"minecraft:time_since_death":113730,"minecraft:sprint_one_cm":620100,"minecraft:drop":77,"minecraft:talked_to_villager":6,"minecraft:play_time":545249,"minecraft:deaths":21,"minecraft:jump":5115,"minecraft:walk_on_water_one_cm":69311,"minecraft:interact_with_furnace":110,"minecraft:interact_with_loom":1,"minecraft:sleep_in_bed":42,"minecraft:damage_dealt":5380,"minecraft:crouch_one_cm":46952,"minecraft:interact_with_smoker":1,"minecraft:horse_one_cm":2440,"minecraft:interact_with_anvil":4,"minecraft:mob_kills":36,"minecraft:climb_one_cm":24371,"minecraft:walk_one_cm":1447672,"minecraft:sneak_time":19703,"minecraft:walk_under_water_one_cm":37968,"minecraft:boat_one_cm":424592,"minecraft:total_world_time":545249,"minecraft:pot_flower":2,"minecraft:interact_with_grindstone":6,"minecraft:interact_with_stonecutter":7,"minecraft:time_since_rest":6150,"minecraft:damage_absorbed":2622,"minecraft:damage_taken":11720,"minecraft:swim_one_cm":83446,"minecraft:fly_one_cm":972146,"minecraft:open_chest":432,"minecraft:fall_one_cm":149910},"minecraft:broken":{"minecraft:iron_shovel":1,"minecraft:stone_axe":2,"minecraft:wooden_axe":1,"minecraft:stone_shovel":1,"justhammers:iron_hammer":1,"minecraft:iron_axe":1,"minecraft:leather_boots":1}},"DataVersion":3465}