{"stats":{"minecraft:custom":{"minecraft:interact_with_anvil":5,"minecraft:mob_kills":21,"minecraft:interact_with_crafting_table":31,"minecraft:open_barrel":7,"minecraft:leave_game":10,"minecraft:time_since_death":8414,"minecraft:climb_one_cm":22486,"minecraft:sprint_one_cm":516649,"minecraft:walk_one_cm":686987,"minecraft:drop":217,"minecraft:talked_to_villager":5,"minecraft:play_time":339252,"minecraft:sneak_time":16065,"minecraft:deaths":5,"minecraft:walk_under_water_one_cm":55020,"minecraft:boat_one_cm":344785,"minecraft:jump":6190,"minecraft:walk_on_water_one_cm":94880,"minecraft:total_world_time":339252,"minecraft:interact_with_furnace":46,"minecraft:interact_with_loom":1,"minecraft:interact_with_stonecutter":5,"minecraft:interact_with_grindstone":6,"minecraft:sleep_in_bed":24,"minecraft:time_since_rest":2217,"minecraft:damage_taken":8943,"minecraft:damage_absorbed":4188,"minecraft:damage_dealt":2908,"minecraft:swim_one_cm":58887,"minecraft:fly_one_cm":543677,"minecraft:player_kills":3,"minecraft:open_chest":123,"minecraft:crouch_one_cm":26282,"minecraft:fall_one_cm":160953},"minecraft:crafted":{"minecraft:cherry_planks":124,"minecraft:wooden_sword":1,"minecraft:cherry_slab":6,"minecraft:cooked_chicken":2,"minecraft:furnace":2,"minecraft:cooked_mutton":6,"minecraft:stone_pickaxe":2,"minecraft:crafting_table":3,"minecraft:spruce_planks":20,"minecraft:wooden_pickaxe":1,"minecraft:baked_potato":42,"minecraft:stone_axe":3,"minecraft:air":0,"minecraft:jungle_planks":368,"minecraft:jungle_door":3,"justhammers:iron_hammer":3,"minecraft:stick":12,"another_furniture:furniture_hammer":1,"minecraft:iron_ingot":21,"minecraft:iron_pickaxe":1,"minecraft:wooden_axe":2,"minecraft:acacia_planks":116,"minecraft:torch":12,"naturalist:cooked_egg":1},"minecraft:picked_up":{"minecraft:crafting_table":4,"minecraft:wheat":2,"minecraft:chicken":2,"minecraft:oak_stairs":1,"minecraft:polished_deepslate":2,"minecraft:string":2,"minecraft:raw_copper":8,"minecraft:blue_orchid":2,"minecraft:sea_pickle":5,"minecraft:cobbled_deepslate":1406,"comforts:sleeping_bag_white":12,"minecraft:spruce_planks":7,"minecraft:white_tulip":3,"minecraft:azalea":35,"minecraft:spruce_slab":1,"minecraft:melon_slice":25,"minecraft:birch_sapling":1,"minecraft:stick":45,"minecraft:raw_iron":79,"minecraft:jungle_door":7,"minecraft:torch":29,"minecraft:acacia_log":29,"minecraft:spruce_stairs":3,"minecraft:cherry_log":48,"minecraft:redstone":25,"minecraft:andesite_wall":1,"minecraft:arrow":1,"minecraft:rotten_flesh":23,"minecraft:stone_shovel":1,"minecraft:decorated_pot":1,"minecraft:cobblestone":41,"minecraft:pink_petals":53,"minecraft:feather":3,"minecraft:cherry_planks":26,"minecraft:andesite":630,"minecraft:leather":1,"minecraft:jungle_wood":5,"minecraft:tuff":156,"minecraft:oak_log":110,"minecraft:cobblestone_wall":1,"minecraft:acacia_boat":1,"minecraft:lapis_lazuli":67,"minecraft:dirt":130,"minecraft:bone":1,"minecraft:acacia_planks":78,"minecraft:apple":4,"minecraft:stone_bricks":7,"minecraft:bow":1,"minecraft:wheat_seeds":17,"minecraft:raw_gold":25,"minecraft:iron_ingot":12,"minecraft:cooked_chicken":1,"minecraft:bamboo":8,"minecraft:glowstone_dust":2,"minecraft:moss_block":2,"minecraft:oak_planks":1,"minecraft:flowering_azalea":2,"minecraft:scaffolding":13,"minecraft:milk_bucket":1,"minecraft:dandelion":4,"minecraft:gravel":3,"justhammers:iron_hammer":2,"minecraft:jungle_planks":11,"minecraft:stripped_spruce_log":1,"minecraft:spruce_sapling":3,"minecraft:spruce_log":6,"minecraft:spider_eye":2,"minecraft:diamond":38,"minecraft:spruce_boat":3,"minecraft:soul_lantern":1,"minecraft:cherry_sapling":36,"minecraft:bread":20,"minecraft:emerald":2,"minecraft:blue_banner":1,"minecraft:oak_sapling":4,"minecraft:coal":17},"minecraft:mined":{"minecraft:tuff":8,"minecraft:spruce_planks":7,"minecraft:oak_sapling":1,"minecraft:deepslate_diamond_ore":13,"minecraft:black_candle_cake":1,"minecraft:cherry_log":61,"minecraft:acacia_log":18,"minecraft:grass_block":39,"minecraft:spruce_fence":1,"minecraft:jungle_planks":9,"minecraft:moss_block":2,"minecraft:spruce_sapling":2,"minecraft:iron_ore":23,"minecraft:andesite":37,"minecraft:stripped_spruce_log":1,"minecraft:dirt_path":1,"minecraft:deepslate_iron_ore":10,"minecraft:stone":36,"minecraft:white_tulip":2,"minecraft:spruce_slab":1,"minecraft:blue_wall_banner":1,"minecraft:scaffolding":3,"minecraft:jungle_door":6,"minecraft:cherry_planks":26,"minecraft:soul_lantern":1,"minecraft:crafting_table":1,"minecraft:torch":14,"ecologics:walnut_leaves":1,"minecraft:white_stained_glass_pane":4,"minecraft:andesite_wall":1,"minecraft:tall_grass":33,"minecraft:cobblestone":5,"minecraft:deepslate_gold_ore":6,"minecraft:wall_torch":14,"minecraft:seagrass":2,"minecraft:pink_petals":11,"minecraft:spruce_stairs":4,"minecraft:jungle_wood":5,"minecraft:cobblestone_wall":1,"minecraft:sea_pickle":3,"minecraft:wheat":2,"minecraft:spruce_log":7,"minecraft:grass":67,"minecraft:oak_log":113,"minecraft:coal_ore":15,"minecraft:cherry_leaves":162,"minecraft:gravel":5,"minecraft:dirt":83,"minecraft:acacia_planks":42,"minecraft:stone_bricks":6,"minecraft:small_dripleaf":1,"minecraft:oak_leaves":3,"minecraft:deepslate":89,"minecraft:fern":5},"minecraft:used":{"minecraft:cherry_sapling":18,"minecraft:stone_shovel":75,"minecraft:decorated_pot":1,"minecraft:cooked_chicken":4,"minecraft:torch":35,"minecraft:dirt":111,"minecraft:jungle_planks":90,"minecraft:spruce_stairs":3,"minecraft:milk_bucket":1,"minecraft:andesite_wall":1,"minecraft:wooden_axe":36,"minecraft:stone_bricks":4,"minecraft:blue_banner":1,"minecraft:bow":96,"minecraft:scaffolding":3,"minecraft:furnace":2,"minecraft:oak_sapling":10,"comforts:sleeping_bag_white":11,"minecraft:potato":6,"minecraft:acacia_planks":106,"minecraft:cobbled_deepslate":66,"minecraft:cooked_mutton":7,"minecraft:acacia_boat":1,"minecraft:water_bucket":108,"naturalist:cooked_egg":1,"minecraft:stone_pickaxe":48,"minecraft:baked_potato":46,"minecraft:wooden_pickaxe":28,"minecraft:cherry_planks":60,"minecraft:cookie":5,"minecraft:crafting_table":3,"justhammers:iron_hammer":266,"minecraft:apple":42,"minecraft:bread":51,"minecraft:melon_slice":50,"minecraft:iron_pickaxe":176,"minecraft:spruce_sapling":3,"minecraft:stone_axe":441,"minecraft:pink_petals":12,"minecraft:wooden_sword":67,"minecraft:cobblestone":14,"minecraft:cooked_porkchop":4,"minecraft:jungle_door":8,"minecraft:bucket":109,"minecraft:andesite":29,"minecraft:sea_pickle":5},"minecraft:dropped":{"minecraft:enchanted_book":1,"minecraft:iron_ingot":24,"minecraft:bread":1,"minecraft:moss_block":1,"minecraft:wheat_seeds":16,"minecraft:oak_log":110,"minecraft:diamond":32,"minecraft:crafting_table":2,"minecraft:cobblestone":7,"minecraft:apple":4,"minecraft:coal":12,"minecraft:emerald":2,"minecraft:dirt":14,"minecraft:torch":6,"minecraft:wooden_axe":1,"minecraft:cherry_planks":125,"minecraft:jungle_door":2,"minecraft:oak_stairs":1,"minecraft:flowering_azalea":1,"minecraft:pink_petals":9,"minecraft:string":2,"minecraft:acacia_planks":37,"minecraft:white_wool":15,"minecraft:dandelion":1,"minecraft:bone":1,"minecraft:polished_deepslate":2,"minecraft:redstone":2,"minecraft:white_tulip":1,"minecraft:cobblestone_wall":1,"minecraft:cobbled_deepslate":272,"minecraft:birch_sapling":1,"minecraft:raw_iron":50,"minecraft:cherry_sapling":18,"minecraft:rotten_flesh":23,"minecraft:oak_planks":1,"minecraft:glowstone_dust":2,"justhammers:iron_hammer":3,"minecraft:spruce_boat":3,"minecraft:spruce_planks":7,"minecraft:andesite":35,"minecraft:azalea":27,"minecraft:spider_eye":2,"minecraft:stone_bricks":2,"minecraft:bamboo":8,"minecraft:spruce_log":2,"minecraft:spruce_slab":1,"minecraft:bow":3,"minecraft:raw_gold":18,"minecraft:scaffolding":4},"minecraft:broken":{"justhammers:iron_hammer":1,"minecraft:leather_chestplate":1,"minecraft:wooden_sword":1,"minecraft:stone_axe":3,"minecraft:wooden_axe":1},"minecraft:killed":{"minecraft:witch":3,"minecraft:spider":2,"naturalist:tortoise":1,"minecraft:skeleton":1,"minecraft:chicken":2,"mythicmounts:geckotoalizard":2,"minecraft:pig":1,"minecraft:zombie_villager":1,"minecraft:creeper":1,"minecraft:zombie":7}},"DataVersion":3465}